"id","student_id","course_id","course_schedule_id","admission_date","amount","discount","payment_status","payment_id","next_payment_date","status","created_at","updated_at"
"1","1","42","83","0000-00-00","0.00","0.00","pending","1","2024-09-29","active","2024-10-02 03:50:11","2024-10-02 03:51:04"
"2","2","43","85","0000-00-00","0.00","0.00","pending","2","2024-09-29","active","2024-10-02 03:50:11","2024-10-02 03:51:04"
"3","3","1","18","0000-00-00","0.00","0.00","pending","3","2024-09-29","active","2024-10-02 03:50:11","2024-10-02 03:51:04"
"4","4","44","84","0000-00-00","0.00","0.00","pending","4","2024-09-29","active","2024-10-02 03:50:11","2024-10-02 03:51:04"
"5","5","1","18","0000-00-00","0.00","0.00","pending","5","2024-09-29","active","2024-10-02 03:50:11","2024-10-02 03:51:04"
"6","6","1","18","0000-00-00","0.00","0.00","pending","6","2024-09-29","active","2024-10-02 03:50:11","2024-10-02 03:51:04"
"7","7","45","86","2022-08-04","0.00","0.00","pending",NULL,"2024-09-29","active","2024-10-02 03:50:11","2024-10-02 03:51:04"
"8","8","46","87","2022-08-09","0.00","0.00","pending","8","2024-09-29","active","2024-10-02 03:50:11","2024-10-02 03:51:04"
"9","9","45","86","2022-08-09","0.00","0.00","pending","9","2024-09-29","active","2024-10-02 03:50:11","2024-10-02 03:51:04"
"10","10","47","88","2022-08-10","0.00","0.00","pending","10","2024-09-29","active","2024-10-02 03:50:11","2024-10-02 03:51:04"
"11","11","48","89","2022-08-10","0.00","0.00","pending","11","2024-09-29","active","2024-10-02 03:50:11","2024-10-02 03:51:04"
"12","12","49","90","2022-08-12","0.00","0.00","pending","12","2024-09-29","active","2024-10-02 03:50:11","2024-10-02 03:51:04"
"13","13","49","90","2022-08-13","0.00","0.00","pending","13","2024-09-29","active","2024-10-02 03:50:11","2024-10-02 03:51:04"
"14","14","50","91","2022-08-13","0.00","0.00","pending","14","2024-09-29","active","2024-10-02 03:50:11","2024-10-02 03:51:04"
"15","15","51","92","2022-08-13","0.00","0.00","pending","15","2024-09-29","active","2024-10-02 03:50:11","2024-10-02 03:51:04"
"16","16","52","93","2022-08-19","0.00","0.00","pending","16","2024-09-29","active","2024-10-02 03:50:11","2024-10-02 03:51:04"
"17","17","49","90","2022-08-20","0.00","0.00","pending","17","2024-09-29","active","2024-10-02 03:50:11","2024-10-02 03:51:04"
"18","18","49","90","2022-08-20","0.00","0.00","pending","18","2024-09-29","active","2024-10-02 03:50:11","2024-10-02 03:51:04"
"19","19","53","94","2022-08-26","0.00","0.00","pending","19","2024-09-29","active","2024-10-02 03:50:11","2024-10-02 03:51:04"
"20","20","54","95","2022-08-26","0.00","0.00","pending","20","2024-09-29","active","2024-10-02 03:50:11","2024-10-02 03:51:04"
"21","21","55","96","2022-08-27","0.00","0.00","pending","21","2024-09-29","active","2024-10-02 03:50:11","2024-10-02 03:51:04"
"22","22","56","97","2022-08-29","0.00","0.00","pending","22","2024-09-29","active","2024-10-02 03:50:11","2024-10-02 03:51:04"
"23","23","49","90","2022-08-29","0.00","0.00","pending","23","2024-09-29","active","2024-10-02 03:50:11","2024-10-02 03:51:04"
"24","24","57","98","2022-09-17","0.00","0.00","pending","0","2024-10-01","active","2024-10-02 03:50:11","2024-10-02 03:51:04"
"25","25","58","99","2022-09-20","0.00","0.00","pending","0","2024-10-01","active","2024-10-02 03:50:11","2024-10-02 03:51:04"
"26","26","59","100","2022-09-28","0.00","0.00","pending","0","2024-10-01","active","2024-10-02 03:50:11","2024-10-02 03:51:04"
"27","27","57","98","2022-09-29","0.00","0.00","pending","0","2024-10-01","active","2024-10-02 03:50:11","2024-10-02 03:51:04"
"28","28","61","101","2022-09-29","0.00","0.00","pending","0","2024-10-01","active","2024-10-02 03:50:11","2024-10-02 03:51:04"
"29","29","57","98","2022-09-30","0.00","0.00","pending","0","2024-10-01","active","2024-10-02 03:50:11","2024-10-02 03:51:04"
"30","30","63","102","2022-09-30","0.00","0.00","pending","0","2024-10-01","active","2024-10-02 03:50:11","2024-10-02 03:51:04"
"31","31","64","103","2022-09-30","0.00","0.00","pending","0","2024-10-01","active","2024-10-02 03:50:11","2024-10-02 03:51:04"
"32","32","65","104","2022-09-30","0.00","0.00","pending","0","2024-10-01","active","2024-10-02 03:50:11","2024-10-02 03:51:04"
"33","33","59","100","2022-09-30","0.00","0.00","pending","0","2024-10-01","active","2024-10-02 03:50:11","2024-10-02 03:51:04"
"34","34","66","105","2022-10-06","0.00","0.00","pending","0","2024-10-01","active","2024-10-02 03:50:11","2024-10-02 03:51:04"
"35","35","66","105","2022-10-07","0.00","0.00","pending","0","2024-10-01","active","2024-10-02 03:50:11","2024-10-02 03:51:04"
"36","36","67","107","2022-10-12","0.00","0.00","pending","0","2024-10-01","active","2024-10-02 03:50:11","2024-10-02 03:51:04"
"37","37","66","105","2022-10-14","0.00","0.00","pending","0","2024-10-01","active","2024-10-02 03:50:11","2024-10-02 03:51:04"
"38","38","66","105","2022-10-14","0.00","0.00","pending","0","2024-10-01","active","2024-10-02 03:50:11","2024-10-02 03:51:04"
"39","39","68","110","2022-10-16","0.00","0.00","pending","0","2024-10-01","active","2024-10-02 03:50:11","2024-10-02 03:51:04"
"40","40","69","111","2022-10-18","0.00","0.00","pending","0","2024-10-01","active","2024-10-02 03:50:11","2024-10-02 03:51:04"
"41","41","70","112","2022-10-19","0.00","0.00","pending","0","2024-10-01","active","2024-10-02 03:50:11","2024-10-02 03:51:04"
"42","42","71","113","2022-10-21","0.00","0.00","pending","0","2024-10-01","active","2024-10-02 03:50:11","2024-10-02 03:51:04"
"43","43","66","105","2022-10-21","0.00","0.00","pending","0","2024-10-01","active","2024-10-02 03:50:11","2024-10-02 03:51:04"
"44","44","66","105","2022-10-26","0.00","0.00","pending","0","2024-10-01","active","2024-10-02 03:50:11","2024-10-02 03:51:04"
"45","45","72","116","2022-10-26","0.00","0.00","pending","0","2024-10-01","active","2024-10-02 03:50:11","2024-10-02 03:51:04"
"46","46","66","105","2022-10-27","0.00","0.00","pending","0","2024-10-01","active","2024-10-02 03:50:11","2024-10-02 03:51:04"
"47","47","71","113","2022-10-28","0.00","0.00","pending","0","2024-10-01","active","2024-10-02 03:50:11","2024-10-02 03:51:04"
"48","48","69","111","2022-10-29","0.00","0.00","pending","0","2024-10-01","active","2024-10-02 03:50:11","2024-10-02 03:51:04"
"49","49","66","105","2022-10-29","0.00","0.00","pending","0","2024-10-01","active","2024-10-02 03:50:11","2024-10-02 03:51:04"
"50","50","67","107","2022-10-31","0.00","0.00","pending","0","2024-10-01","active","2024-10-02 03:50:11","2024-10-02 03:51:04"
"51","51","68","110","2022-10-31","0.00","0.00","pending","0","2024-10-01","active","2024-10-02 03:50:11","2024-10-02 03:51:04"
"52","52","73","123","2022-10-31","0.00","0.00","pending","0","2024-10-01","active","2024-10-02 03:50:11","2024-10-02 03:51:04"
"53","53","66","105","2022-10-31","0.00","0.00","pending","0","2024-10-01","active","2024-10-02 03:50:11","2024-10-02 03:51:04"
"54","54","73","123","2022-10-31","0.00","0.00","pending","0","2024-10-01","active","2024-10-02 03:50:11","2024-10-02 03:51:04"
"55","55","66","105","2022-10-31","0.00","0.00","pending","0","2024-10-01","active","2024-10-02 03:50:11","2024-10-02 03:51:04"
"56","56","66","105","2022-10-31","0.00","0.00","pending","0","2024-10-01","active","2024-10-02 03:50:11","2024-10-02 03:51:04"
"57","57","134","184","2022-11-03","0.00","0.00","pending","57","2024-09-29","active","2024-10-02 03:50:11","2024-10-02 03:51:04"
"58","58","74","124","2022-11-07","0.00","0.00","pending","58","2024-09-29","active","2024-10-02 03:50:11","2024-10-02 03:51:04"
"59","59","135","185","2022-11-08","0.00","0.00","pending","59","2024-09-29","active","2024-10-02 03:50:11","2024-10-02 03:51:04"
"60","60","75","125","2022-11-08","0.00","0.00","pending","60","2024-09-29","active","2024-10-02 03:50:11","2024-10-02 03:51:04"
"61","61","134","184","2022-11-08","0.00","0.00","pending","61","2024-09-29","active","2024-10-02 03:50:11","2024-10-02 03:51:04"
"62","62","114","164","2022-11-08","0.00","0.00","pending","62","2024-09-29","active","2024-10-02 03:50:11","2024-10-02 03:51:04"
"63","63","76","126","2022-11-09","0.00","0.00","pending","63","2024-09-29","active","2024-10-02 03:50:11","2024-10-02 03:51:04"
"64","64","134","184","2022-11-09","0.00","0.00","pending","64","2024-09-29","active","2024-10-02 03:50:11","2024-10-02 03:51:04"
"65","65","134","184","2022-11-10","0.00","0.00","pending","65","2024-09-29","active","2024-10-02 03:50:11","2024-10-02 03:51:04"
"66","66","77","127","2022-11-11","0.00","0.00","pending","66","2024-09-29","active","2024-10-02 03:50:11","2024-10-02 03:51:04"
"67","67","136","186","2022-11-12","0.00","0.00","pending","67","2024-09-29","active","2024-10-02 03:50:11","2024-10-02 03:51:04"
"68","68","115","165","2022-11-12","0.00","0.00","pending","68","2024-09-29","active","2024-10-02 03:50:11","2024-10-02 03:51:04"
"69","69","134","184","2022-11-14","0.00","0.00","pending","69","2024-09-29","active","2024-10-02 03:50:11","2024-10-02 03:51:04"
"70","70","134","184","2022-11-15","0.00","0.00","pending","70","2024-09-29","active","2024-10-02 03:50:11","2024-10-02 03:51:04"
"71","71","137","187","2022-11-19","0.00","0.00","pending","71","2024-09-29","active","2024-10-02 03:50:11","2024-10-02 03:51:04"
"72","72","138","188","2022-11-20","0.00","0.00","pending","72","2024-09-29","active","2024-10-02 03:50:11","2024-10-02 03:51:04"
"73","73","116","166","2022-11-20","0.00","0.00","pending","73","2024-09-29","active","2024-10-02 03:50:11","2024-10-02 03:51:04"
"74","74","134","184","2022-11-22","0.00","0.00","pending","74","2024-09-29","active","2024-10-02 03:50:11","2024-10-02 03:51:04"
"75","75","134","184","2022-11-22","0.00","0.00","pending","75","2024-09-29","active","2024-10-02 03:50:11","2024-10-02 03:51:04"
"76","76","135","185","2022-11-23","0.00","0.00","pending","76","2024-09-29","active","2024-10-02 03:50:11","2024-10-02 03:51:04"
"77","77","135","185","2022-11-24","0.00","0.00","pending","77","2024-09-29","active","2024-10-02 03:50:11","2024-10-02 03:51:04"
"78","78","137","187","2022-11-26","0.00","0.00","pending","78","2024-09-29","active","2024-10-02 03:50:11","2024-10-02 03:51:04"
"79","79","117","167","2022-11-27","0.00","0.00","pending","79","2024-09-29","active","2024-10-02 03:50:11","2024-10-02 03:51:04"
"80","80","137","187","2022-11-28","0.00","0.00","pending","80","2024-10-01","active","2024-10-02 03:50:11","2024-10-02 03:51:04"
"81","81","134","184","2022-11-28","0.00","0.00","pending","81","2024-10-01","active","2024-10-02 03:50:11","2024-10-02 03:51:04"
"82","82","134","184","2022-11-29","0.00","0.00","pending","82","2024-10-01","active","2024-10-02 03:50:11","2024-10-02 03:51:04"
"83","83","136","186","2022-11-30","0.00","0.00","pending","83","2024-10-01","active","2024-10-02 03:50:11","2024-10-02 03:51:04"
"84","84","134","184","2022-11-30","0.00","0.00","pending","84","2024-10-01","active","2024-10-02 03:50:11","2024-10-02 03:51:04"
"85","85","118","168","2022-11-30","0.00","0.00","pending","85","2024-10-01","active","2024-10-02 03:50:11","2024-10-02 03:51:04"
"86","86","139","189","2022-11-30","0.00","0.00","pending","86","2024-10-01","active","2024-10-02 03:50:11","2024-10-02 03:51:04"
"87","87","136","186","2022-11-30","0.00","0.00","pending","87","2024-10-01","active","2024-10-02 03:50:11","2024-10-02 03:51:04"
"88","88","134","184","2022-11-30","0.00","0.00","pending","88","2024-10-01","active","2024-10-02 03:50:11","2024-10-02 03:51:04"
"89","89","140","190","2022-11-30","0.00","0.00","pending","89","2024-10-01","active","2024-10-02 03:50:11","2024-10-02 03:51:04"
"90","90","134","184","2022-12-07","0.00","0.00","pending","90","2024-10-01","active","2024-10-02 03:50:11","2024-10-02 03:51:04"
"91","91","78","128","2022-12-08","0.00","0.00","pending","91","2024-10-01","active","2024-10-02 03:50:11","2024-10-02 03:51:04"
"92","92","136","186","2022-12-12","0.00","0.00","pending","92","2024-10-01","active","2024-10-02 03:50:11","2024-10-02 03:51:04"
"93","93","136","186","2022-12-12","0.00","0.00","pending","93","2024-10-01","active","2024-10-02 03:50:11","2024-10-02 03:51:04"
"94","94","79","129","2022-12-12","0.00","0.00","pending","94","2024-10-01","active","2024-10-02 03:50:11","2024-10-02 03:51:04"
"95","95","141","191","2022-12-14","0.00","0.00","pending","95","2024-10-01","active","2024-10-02 03:50:11","2024-10-02 03:51:04"
"96","96","136","186","2022-12-14","0.00","0.00","pending","96","2024-10-01","active","2024-10-02 03:50:11","2024-10-02 03:51:04"
"97","97","134","184","2022-12-15","0.00","0.00","pending","97","2024-10-01","active","2024-10-02 03:50:11","2024-10-02 03:51:04"
"98","98","134","184","2022-12-16","0.00","0.00","pending","98","2024-10-01","active","2024-10-02 03:50:11","2024-10-02 03:51:04"
"99","99","136","186","2022-12-16","0.00","0.00","pending","99","2024-10-01","active","2024-10-02 03:50:11","2024-10-02 03:51:04"
"100","100","119","169","2022-12-19","0.00","0.00","pending","100","2024-10-01","active","2024-10-02 03:50:11","2024-10-02 03:51:04"
"101","101","136","186","2022-12-22","0.00","0.00","pending","101","2024-10-01","active","2024-10-02 03:50:11","2024-10-02 03:51:04"
"102","102","136","186","2022-12-22","0.00","0.00","pending","102","2024-10-01","active","2024-10-02 03:50:11","2024-10-02 03:51:04"
"103","103","136","186","2022-12-22","0.00","0.00","pending","103","2024-10-01","active","2024-10-02 03:50:11","2024-10-02 03:51:04"
"104","104","136","186","2022-12-23","0.00","0.00","pending","104","2024-10-01","active","2024-10-02 03:50:11","2024-10-02 03:51:04"
"105","105","139","189","2022-12-23","0.00","0.00","pending","105","2024-10-01","active","2024-10-02 03:50:11","2024-10-02 03:51:04"
"106","106","120","170","2022-12-23","0.00","0.00","pending","106","2024-10-01","active","2024-10-02 03:50:11","2024-10-02 03:51:04"
"107","107","134","184","2022-12-27","0.00","0.00","pending","107","2024-10-01","active","2024-10-02 03:50:11","2024-10-02 03:51:04"
"108","108","120","170","2022-12-27","0.00","0.00","pending","108","2024-10-01","active","2024-10-02 03:50:11","2024-10-02 03:51:04"
"109","109","142","192","2022-12-27","0.00","0.00","pending","109","2024-10-01","active","2024-10-02 03:50:11","2024-10-02 03:51:04"
"110","110","121","171","2022-12-28","0.00","0.00","pending","110","2024-10-01","active","2024-10-02 03:50:11","2024-10-02 03:51:04"
"111","111","143","193","2022-12-29","0.00","0.00","pending","111","2024-10-01","active","2024-10-02 03:50:11","2024-10-02 03:51:04"
"112","112","143","193","2022-12-29","0.00","0.00","pending","112","2024-10-01","active","2024-10-02 03:50:11","2024-10-02 03:51:04"
"113","113","144","194","2022-12-30","0.00","0.00","pending","113","2024-10-01","active","2024-10-02 03:50:11","2024-10-02 03:51:04"
"114","114","145","195","2022-12-30","0.00","0.00","pending","114","2024-10-01","active","2024-10-02 03:50:11","2024-10-02 03:51:04"
"115","115","134","184","2022-12-31","0.00","0.00","pending","115","2024-10-01","active","2024-10-02 03:50:11","2024-10-02 03:51:04"
"116","116","80","130","2022-12-31","0.00","0.00","pending","116","2024-10-01","active","2024-10-02 03:50:11","2024-10-02 03:51:04"
"117","117","141","191","2023-01-04","0.00","0.00","pending","117","2024-10-01","active","2024-10-02 03:50:11","2024-10-02 03:51:04"
"118","118","141","191","2023-01-04","0.00","0.00","pending","118","2024-10-01","active","2024-10-02 03:50:11","2024-10-02 03:51:04"
"119","119","134","184","2023-01-04","0.00","0.00","pending","119","2024-10-01","active","2024-10-02 03:50:11","2024-10-02 03:51:04"
"120","120","134","184","2023-01-04","0.00","0.00","pending","120","2024-10-01","active","2024-10-02 03:50:11","2024-10-02 03:51:04"
"121","121","134","184","2023-01-05","0.00","0.00","pending","121","2024-10-01","active","2024-10-02 03:50:11","2024-10-02 03:51:04"
"122","122","136","186","2023-01-05","0.00","0.00","pending","122","2024-10-01","active","2024-10-02 03:50:11","2024-10-02 03:51:04"
"123","123","136","186","2023-01-05","0.00","0.00","pending","123","2024-10-01","active","2024-10-02 03:50:11","2024-10-02 03:51:04"
"124","124","134","184","2023-01-05","0.00","0.00","pending","124","2024-10-01","active","2024-10-02 03:50:11","2024-10-02 03:51:04"
"125","125","137","187","2023-01-07","0.00","0.00","pending","125","2024-10-01","active","2024-10-02 03:50:11","2024-10-02 03:51:04"
"126","126","122","172","2023-01-09","0.00","0.00","pending","126","2024-10-01","active","2024-10-02 03:50:11","2024-10-02 03:51:04"
"127","127","134","184","2023-01-11","0.00","0.00","pending","127","2024-10-01","active","2024-10-02 03:50:11","2024-10-02 03:51:04"
"128","128","134","184","2023-01-13","0.00","0.00","pending","128","2024-10-01","active","2024-10-02 03:50:11","2024-10-02 03:51:04"
"129","129","120","170","2023-01-14","0.00","0.00","pending","129","2024-10-01","active","2024-10-02 03:50:11","2024-10-02 03:51:04"
"130","130","134","184","2023-01-14","0.00","0.00","pending","130","2024-10-01","active","2024-10-02 03:50:11","2024-10-02 03:51:04"
"131","131","136","186","2023-01-17","0.00","0.00","pending","131","2024-10-01","active","2024-10-02 03:50:11","2024-10-02 03:51:04"
"132","132","134","184","2023-01-17","0.00","0.00","pending","132","2024-10-01","active","2024-10-02 03:50:11","2024-10-02 03:51:04"
"133","133","81","131","2023-01-19","0.00","0.00","pending","133","2024-10-01","active","2024-10-02 03:50:11","2024-10-02 03:51:04"
"134","134","134","184","2023-01-20","0.00","0.00","pending","134","2024-10-01","active","2024-10-02 03:50:11","2024-10-02 03:51:04"
"135","135","134","184","2023-01-20","0.00","0.00","pending","135","2024-10-01","active","2024-10-02 03:50:11","2024-10-02 03:51:04"
"136","136","146","196","2023-01-24","0.00","0.00","pending","136","2024-10-01","active","2024-10-02 03:50:11","2024-10-02 03:51:04"
"137","137","135","185","2023-01-24","0.00","0.00","pending","137","2024-10-01","active","2024-10-02 03:50:11","2024-10-02 03:51:04"
"138","138","136","186","2023-01-25","0.00","0.00","pending","138","2024-10-01","active","2024-10-02 03:50:11","2024-10-02 03:51:04"
"139","139","123","173","2023-01-27","0.00","0.00","pending","139","2024-10-01","active","2024-10-02 03:50:11","2024-10-02 03:51:04"
"140","140","134","184","2023-01-28","0.00","0.00","pending","140","2024-10-01","active","2024-10-02 03:50:11","2024-10-02 03:51:04"
"141","141","134","184","2023-01-28","0.00","0.00","pending","141","2024-10-01","active","2024-10-02 03:50:11","2024-10-02 03:51:04"
"142","142","137","187","2023-01-29","0.00","0.00","pending","142","2024-10-01","active","2024-10-02 03:50:11","2024-10-02 03:51:04"
"143","143","82","132","2023-01-29","0.00","0.00","pending","143","2024-10-01","active","2024-10-02 03:50:11","2024-10-02 03:51:04"
"144","144","136","186","2023-01-29","0.00","0.00","pending","144","2024-10-01","active","2024-10-02 03:50:11","2024-10-02 03:51:04"
"145","145","147","197","2023-01-30","0.00","0.00","pending","145","2024-10-01","active","2024-10-02 03:50:11","2024-10-02 03:51:04"
"146","146","124","174","2023-01-30","0.00","0.00","pending","146","2024-10-01","active","2024-10-02 03:50:11","2024-10-02 03:51:04"
"147","147","81","131","2023-01-30","0.00","0.00","pending","147","2024-10-01","active","2024-10-02 03:50:11","2024-10-02 03:51:04"
"148","148","136","186","2023-01-30","0.00","0.00","pending","148","2024-10-01","active","2024-10-02 03:50:11","2024-10-02 03:51:04"
"149","149","143","193","2023-01-31","0.00","0.00","pending","149","2024-10-01","active","2024-10-02 03:50:11","2024-10-02 03:51:04"
"150","150","146","196","2023-01-31","0.00","0.00","pending","150","2024-10-01","active","2024-10-02 03:50:11","2024-10-02 03:51:04"
"151","151","134","184","2023-01-31","0.00","0.00","pending","151","2024-10-01","active","2024-10-02 03:50:11","2024-10-02 03:51:04"
"152","152","125","175","2023-01-31","0.00","0.00","pending","152","2024-10-01","active","2024-10-02 03:50:11","2024-10-02 03:51:04"
"153","153","148","198","2023-01-31","0.00","0.00","pending","153","2024-10-01","active","2024-10-02 03:50:11","2024-10-02 03:51:04"
"154","154","136","186","2023-02-01","0.00","0.00","pending","154","2024-10-01","active","2024-10-02 03:50:11","2024-10-02 03:51:04"
"155","155","84","134","2023-02-03","0.00","0.00","pending","155","2024-10-01","active","2024-10-02 03:50:11","2024-10-02 03:51:04"
"156","156","116","166","2023-02-04","0.00","0.00","pending","156","2024-10-01","active","2024-10-02 03:50:11","2024-10-02 03:51:04"
"157","157","136","186","2023-02-06","0.00","0.00","pending","157","2024-10-01","active","2024-10-02 03:50:11","2024-10-02 03:51:04"
"158","158","136","186","2023-02-06","0.00","0.00","pending","158","2024-10-01","active","2024-10-02 03:50:11","2024-10-02 03:51:04"
"159","159","124","174","2023-02-07","0.00","0.00","pending","159","2024-10-01","active","2024-10-02 03:50:11","2024-10-02 03:51:04"
"160","160","136","186","2023-02-08","0.00","0.00","pending","160","2024-10-01","active","2024-10-02 03:50:11","2024-10-02 03:51:04"
"161","161","134","184","2023-02-08","0.00","0.00","pending","161","2024-10-01","active","2024-10-02 03:50:11","2024-10-02 03:51:04"
"162","162","85","135","2023-02-11","0.00","0.00","pending","162","2024-10-01","active","2024-10-02 03:50:11","2024-10-02 03:51:04"
"163","163","136","186","2023-02-11","0.00","0.00","pending","163","2024-10-01","active","2024-10-02 03:50:11","2024-10-02 03:51:04"
"164","164","144","194","2023-02-13","0.00","0.00","pending","164","2024-10-01","active","2024-10-02 03:50:11","2024-10-02 03:51:04"
"165","165","134","184","2023-02-13","0.00","0.00","pending","165","2024-10-01","active","2024-10-02 03:50:11","2024-10-02 03:51:04"
"166","166","126","176","2023-02-14","0.00","0.00","pending","166","2024-10-01","active","2024-10-02 03:50:11","2024-10-02 03:51:04"
"167","167","120","170","2023-02-14","0.00","0.00","pending","167","2024-10-01","active","2024-10-02 03:50:11","2024-10-02 03:51:04"
"168","168","86","136","2023-02-14","0.00","0.00","pending","168","2024-10-01","active","2024-10-02 03:50:11","2024-10-02 03:51:04"
"169","169","136","186","0000-00-00","0.00","0.00","pending","169","2024-10-01","active","2024-10-02 03:50:11","2024-10-02 03:51:04"
"170","170","117","167","0000-00-00","0.00","0.00","pending","170","2024-10-01","active","2024-10-02 03:50:11","2024-10-02 03:51:04"
"171","171","134","184","2023-02-15","0.00","0.00","pending","171","2024-10-01","active","2024-10-02 03:50:11","2024-10-02 03:51:04"
"172","172","137","187","2023-02-16","0.00","0.00","pending","172","2024-10-01","active","2024-10-02 03:50:11","2024-10-02 03:51:04"
"173","173","87","137","2023-02-20","0.00","0.00","pending","173","2024-10-01","active","2024-10-02 03:50:11","2024-10-02 03:51:04"
"174","174","146","196","2023-02-22","0.00","0.00","pending","174","2024-10-01","active","2024-10-02 03:50:11","2024-10-02 03:51:04"
"175","175","149","199","2023-02-22","0.00","0.00","pending","175","2024-10-01","active","2024-10-02 03:50:11","2024-10-02 03:51:04"
"176","176","149","199","2023-02-22","0.00","0.00","pending","176","2024-10-01","active","2024-10-02 03:50:11","2024-10-02 03:51:04"
"177","177","149","199","2023-02-22","0.00","0.00","pending","177","2024-10-01","active","2024-10-02 03:50:11","2024-10-02 03:51:04"
"178","178","136","186","2023-02-24","0.00","0.00","pending","178","2024-10-01","active","2024-10-02 03:50:11","2024-10-02 03:51:04"
"179","179","139","189","2023-02-24","0.00","0.00","pending","179","2024-10-01","active","2024-10-02 03:50:11","2024-10-02 03:51:04"
"180","180","142","192","2023-02-25","0.00","0.00","pending","180","2024-10-01","active","2024-10-02 03:50:11","2024-10-02 03:51:04"
"181","181","136","186","2023-02-27","0.00","0.00","pending","181","2024-10-01","active","2024-10-02 03:50:11","2024-10-02 03:51:04"
"182","182","136","186","2023-02-28","0.00","0.00","pending","182","2024-10-01","active","2024-10-02 03:50:11","2024-10-02 03:51:04"
"183","183","134","184","2023-03-03","0.00","0.00","pending","183","2024-10-01","active","2024-10-02 03:50:11","2024-10-02 03:51:04"
"184","184","148","198","2023-03-04","0.00","0.00","pending","184","2024-10-01","active","2024-10-02 03:50:11","2024-10-02 03:51:04"
"185","185","142","192","2023-03-06","0.00","0.00","pending","185","2024-10-01","active","2024-10-02 03:50:11","2024-10-02 03:51:04"
"186","186","142","192","2023-03-06","0.00","0.00","pending","186","2024-10-01","active","2024-10-02 03:50:11","2024-10-02 03:51:04"
"187","187","125","175","2023-03-08","0.00","0.00","pending","187","2024-10-01","active","2024-10-02 03:50:11","2024-10-02 03:51:04"
"188","188","150","200","2023-03-09","0.00","0.00","pending","188","2024-10-01","active","2024-10-02 03:50:11","2024-10-02 03:51:04"
"189","189","127","177","0000-00-00","0.00","0.00","pending","189","2024-10-01","active","2024-10-02 03:50:11","2024-10-02 03:51:04"
"190","190","134","184","2023-03-10","0.00","0.00","pending","190","2024-10-01","active","2024-10-02 03:50:11","2024-10-02 03:51:04"
"191","191","135","185","0000-00-00","0.00","0.00","pending","191","2024-10-01","active","2024-10-02 03:50:11","2024-10-02 03:51:04"
"192","192","136","186","2023-03-13","0.00","0.00","pending","192","2024-10-01","active","2024-10-02 03:50:11","2024-10-02 03:51:04"
"193","193","134","184","2023-03-14","0.00","0.00","pending","193","2024-10-01","active","2024-10-02 03:50:11","2024-10-02 03:51:04"
"194","194","120","170","2023-03-15","0.00","0.00","pending","194","2024-10-01","active","2024-10-02 03:50:11","2024-10-02 03:51:04"
"195","195","88","138","2023-03-18","0.00","0.00","pending","195","2024-10-01","active","2024-10-02 03:50:11","2024-10-02 03:51:04"
"196","196","137","187","2023-03-18","0.00","0.00","pending","196","2024-10-01","active","2024-10-02 03:50:11","2024-10-02 03:51:04"
"197","197","124","174","2023-03-20","0.00","0.00","pending","197","2024-10-01","active","2024-10-02 03:50:11","2024-10-02 03:51:04"
"198","198","128","178","2023-03-21","0.00","0.00","pending","198","2024-10-01","active","2024-10-02 03:50:11","2024-10-02 03:51:04"
"199","199","144","194","2023-03-22","0.00","0.00","pending","199","2024-10-01","active","2024-10-02 03:50:11","2024-10-02 03:51:04"
"200","200","137","187","2023-03-23","0.00","0.00","pending","200","2024-10-01","active","2024-10-02 03:50:11","2024-10-02 03:51:04"
"201","201","136","186","2023-03-23","0.00","0.00","pending","201","2024-10-01","active","2024-10-02 03:50:11","2024-10-02 03:51:04"
"202","202","143","193","2023-03-23","0.00","0.00","pending","202","2024-10-01","active","2024-10-02 03:50:11","2024-10-02 03:51:04"
"203","203","89","139","2023-03-27","0.00","0.00","pending","203","2024-10-01","active","2024-10-02 03:50:11","2024-10-02 03:51:04"
"204","204","128","178","2023-03-28","0.00","0.00","pending","204","2024-10-01","active","2024-10-02 03:50:11","2024-10-02 03:51:04"
"205","205","136","186","2023-03-28","0.00","0.00","pending","205","2024-10-01","active","2024-10-02 03:50:11","2024-10-02 03:51:04"
"206","206","126","176","2023-03-28","0.00","0.00","pending","206","2024-10-01","active","2024-10-02 03:50:11","2024-10-02 03:51:04"
"207","207","134","184","2023-03-28","0.00","0.00","pending","207","2024-10-01","active","2024-10-02 03:50:11","2024-10-02 03:51:04"
"208","208","139","189","2023-03-29","0.00","0.00","pending","208","2024-10-01","active","2024-10-02 03:50:11","2024-10-02 03:51:04"
"209","209","137","187","2023-03-29","0.00","0.00","pending","209","2024-10-01","active","2024-10-02 03:50:11","2024-10-02 03:51:04"
"210","210","134","184","2023-03-29","0.00","0.00","pending","210","2024-10-01","active","2024-10-02 03:50:11","2024-10-02 03:51:04"
"211","211","90","140","2023-03-29","0.00","0.00","pending","211","2024-10-01","active","2024-10-02 03:50:11","2024-10-02 03:51:04"
"212","212","125","175","2023-03-30","0.00","0.00","pending","212","2024-10-01","active","2024-10-02 03:50:11","2024-10-02 03:51:04"
"213","213","127","177","2023-03-30","0.00","0.00","pending","213","2024-10-01","active","2024-10-02 03:50:11","2024-10-02 03:51:04"
"214","214","134","184","2023-03-31","0.00","0.00","pending","214","2024-10-01","active","2024-10-02 03:50:11","2024-10-02 03:51:04"
"215","215","134","184","2023-04-01","0.00","0.00","pending","215","2024-10-01","active","2024-10-02 03:50:11","2024-10-02 03:51:04"
"216","216","134","184","2023-04-03","0.00","0.00","pending","216","2024-10-01","active","2024-10-02 03:50:11","2024-10-02 03:51:04"
"217","217","134","184","2023-04-04","0.00","0.00","pending","217","2024-10-01","active","2024-10-02 03:50:11","2024-10-02 03:51:04"
"218","218","134","184","2023-04-05","0.00","0.00","pending","218","2024-10-01","active","2024-10-02 03:50:11","2024-10-02 03:51:04"
"219","219","146","196","2023-04-06","0.00","0.00","pending","219","2024-10-01","active","2024-10-02 03:50:11","2024-10-02 03:51:04"
"220","220","134","184","2023-04-10","0.00","0.00","pending","220","2024-10-01","active","2024-10-02 03:50:11","2024-10-02 03:51:04"
"221","221","91","141","2023-04-13","0.00","0.00","pending","221","2024-10-01","active","2024-10-02 03:50:11","2024-10-02 03:51:04"
"222","222","128","178","2023-03-14","0.00","0.00","pending","222","2024-10-01","active","2024-10-02 03:50:11","2024-10-02 03:51:04"
"223","223","120","170","2023-04-17","0.00","0.00","pending","223","2024-10-01","active","2024-10-02 03:50:11","2024-10-02 03:51:04"
"224","224","129","179","2023-04-18","0.00","0.00","pending","224","2024-10-01","active","2024-10-02 03:50:11","2024-10-02 03:51:04"
"225","225","134","184","2023-04-19","0.00","0.00","pending","225","2024-10-01","active","2024-10-02 03:50:11","2024-10-02 03:51:04"
"226","226","150","200","2023-04-20","0.00","0.00","pending","226","2024-10-01","active","2024-10-02 03:50:11","2024-10-02 03:51:04"
"227","227","150","200","2023-04-29","0.00","0.00","pending","227","2024-10-01","active","2024-10-02 03:50:11","2024-10-02 03:51:04"
"228","228","117","167","2023-04-30","0.00","0.00","pending","228","2024-10-01","active","2024-10-02 03:50:11","2024-10-02 03:51:04"
"229","229","136","186","2023-04-30","0.00","0.00","pending","229","2024-10-01","active","2024-10-02 03:50:11","2024-10-02 03:51:04"
"230","230","134","184","2023-05-01","0.00","0.00","pending","230","2024-10-01","active","2024-10-02 03:50:11","2024-10-02 03:51:04"
"231","231","134","184","2023-05-02","0.00","0.00","pending","231","2024-10-01","active","2024-10-02 03:50:11","2024-10-02 03:51:04"
"232","232","136","186","2023-05-03","0.00","0.00","pending","232","2024-10-01","active","2024-10-02 03:50:11","2024-10-02 03:51:04"
"233","233","136","186","2023-05-05","0.00","0.00","pending","233","2024-10-01","active","2024-10-02 03:50:11","2024-10-02 03:51:04"
"234","234","134","184","2023-05-08","0.00","0.00","pending","234","2024-10-01","active","2024-10-02 03:50:11","2024-10-02 03:51:04"
"235","235","123","173","2023-05-06","0.00","0.00","pending","235","2024-10-01","active","2024-10-02 03:50:11","2024-10-02 03:51:04"
"236","236","139","189","2023-05-09","0.00","0.00","pending","236","2024-10-01","active","2024-10-02 03:50:11","2024-10-02 03:51:04"
"237","237","134","184","2023-05-11","0.00","0.00","pending","237","2024-10-01","active","2024-10-02 03:50:11","2024-10-02 03:51:04"
"238","238","139","189","2023-05-16","0.00","0.00","pending","238","2024-10-01","active","2024-10-02 03:50:11","2024-10-02 03:51:04"
"239","239","130","180","2023-05-19","0.00","0.00","pending","239","2024-10-01","active","2024-10-02 03:50:11","2024-10-02 03:51:04"
"240","240","125","175","2023-05-24","0.00","0.00","pending","240","2024-10-01","active","2024-10-02 03:50:11","2024-10-02 03:51:04"
"241","241","130","180","2023-05-25","0.00","0.00","pending","241","2024-10-01","active","2024-10-02 03:50:11","2024-10-02 03:51:04"
"242","242","136","186","2023-05-25","0.00","0.00","pending","242","2024-10-01","active","2024-10-02 03:50:11","2024-10-02 03:51:04"
"243","243","134","184","2023-05-26","0.00","0.00","pending","243","2024-10-01","active","2024-10-02 03:50:11","2024-10-02 03:51:04"
"244","244","92","142","2023-05-29","0.00","0.00","pending","244","2024-10-01","active","2024-10-02 03:50:11","2024-10-02 03:51:04"
"245","245","134","184","2023-05-30","0.00","0.00","pending","245","2024-10-01","active","2024-10-02 03:50:11","2024-10-02 03:51:04"
"246","246","134","184","2023-05-30","0.00","0.00","pending","246","2024-10-01","active","2024-10-02 03:50:11","2024-10-02 03:51:04"
"247","247","130","180","2023-05-30","0.00","0.00","pending","247","2024-10-01","active","2024-10-02 03:50:11","2024-10-02 03:51:04"
"248","248","137","187","2023-05-31","0.00","0.00","pending","248","2024-10-01","active","2024-10-02 03:50:11","2024-10-02 03:51:04"
"249","249","126","176","2023-05-31","0.00","0.00","pending","249","2024-10-01","active","2024-10-02 03:50:11","2024-10-02 03:51:04"
"250","250","135","185","2023-05-31","0.00","0.00","pending","250","2024-10-01","active","2024-10-02 03:50:11","2024-10-02 03:51:04"
"251","251","143","193","2023-06-01","0.00","0.00","pending","251","2024-10-01","active","2024-10-02 03:50:11","2024-10-02 03:51:04"
"252","252","139","189","2023-06-02","0.00","0.00","pending","252","2024-10-01","active","2024-10-02 03:50:11","2024-10-02 03:51:04"
"253","253","129","179","2023-06-05","0.00","0.00","pending","253","2024-10-01","active","2024-10-02 03:50:11","2024-10-02 03:51:04"
"254","254","134","184","2023-06-06","0.00","0.00","pending","254","2024-10-01","active","2024-10-02 03:50:11","2024-10-02 03:51:04"
"255","255","136","186","2023-06-09","0.00","0.00","pending","255","2024-10-01","active","2024-10-02 03:50:11","2024-10-02 03:51:04"
"256","256","142","192","2023-06-09","0.00","0.00","pending","256","2024-10-01","active","2024-10-02 03:50:11","2024-10-02 03:51:04"
"257","257","131","181","2023-06-09","0.00","0.00","pending","257","2024-10-01","active","2024-10-02 03:50:11","2024-10-02 03:51:04"
"258","258","139","189","2023-06-12","0.00","0.00","pending","258","2024-10-01","active","2024-10-02 03:50:11","2024-10-02 03:51:04"
"259","259","134","184","2023-06-12","0.00","0.00","pending","259","2024-10-01","active","2024-10-02 03:50:11","2024-10-02 03:51:04"
"260","260","134","184","2023-06-13","0.00","0.00","pending","260","2024-10-01","active","2024-10-02 03:50:11","2024-10-02 03:51:04"
"261","261","134","184","2023-06-13","0.00","0.00","pending","261","2024-10-01","active","2024-10-02 03:50:11","2024-10-02 03:51:04"
"262","262","126","176","2023-06-15","0.00","0.00","pending","262","2024-10-01","active","2024-10-02 03:50:11","2024-10-02 03:51:04"
"263","263","141","191","2023-06-17","0.00","0.00","pending","263","2024-10-01","active","2024-10-02 03:50:11","2024-10-02 03:51:04"
"264","264","136","186","2023-06-20","0.00","0.00","pending","264","2024-10-01","active","2024-10-02 03:50:11","2024-10-02 03:51:04"
"265","265","132","182","2023-06-21","0.00","0.00","pending","265","2024-10-01","active","2024-10-02 03:50:11","2024-10-02 03:51:04"
"266","266","93","143","2023-06-21","0.00","0.00","pending","266","2024-10-01","active","2024-10-02 03:50:11","2024-10-02 03:51:04"
"267","267","139","189","2023-06-21","0.00","0.00","pending","267","2024-10-01","active","2024-10-02 03:50:11","2024-10-02 03:51:04"
"268","268","118","168","2023-06-22","0.00","0.00","pending","268","2024-10-01","active","2024-10-02 03:50:11","2024-10-02 03:51:04"
"269","269","118","168","2023-06-23","0.00","0.00","pending","269","2024-10-01","active","2024-10-02 03:50:11","2024-10-02 03:51:04"
"270","270","134","184","2023-06-23","0.00","0.00","pending","270","2024-10-01","active","2024-10-02 03:50:11","2024-10-02 03:51:04"
"271","271","134","184","2023-06-27","0.00","0.00","pending","271","2024-10-01","active","2024-10-02 03:50:11","2024-10-02 03:51:04"
"272","272","125","175","2023-06-27","0.00","0.00","pending","272","2024-10-01","active","2024-10-02 03:50:11","2024-10-02 03:51:04"
"273","273","117","167","2023-06-27","0.00","0.00","pending","273","2024-10-01","active","2024-10-02 03:50:11","2024-10-02 03:51:04"
"274","274","138","188","2023-08-28","0.00","0.00","pending","274","2024-10-01","active","2024-10-02 03:50:11","2024-10-02 03:51:04"
"275","275","130","180","2023-06-30","0.00","0.00","pending","275","2024-10-01","active","2024-10-02 03:50:11","2024-10-02 03:51:04"
"276","276","134","184","2023-06-30","0.00","0.00","pending","276","2024-10-01","active","2024-10-02 03:50:11","2024-10-02 03:51:04"
"277","277","120","170","2023-06-30","0.00","0.00","pending","277","2024-10-01","active","2024-10-02 03:50:11","2024-10-02 03:51:04"
"278","278","139","189","2023-06-30","0.00","0.00","pending","278","2024-10-01","active","2024-10-02 03:50:11","2024-10-02 03:51:04"
"279","279","145","195","2023-07-01","0.00","0.00","pending","279","2024-10-01","active","2024-10-02 03:50:11","2024-10-02 03:51:04"
"280","280","134","184","2023-07-03","0.00","0.00","pending","280","2024-10-01","active","2024-10-02 03:50:11","2024-10-02 03:51:04"
"281","281","134","184","2023-07-07","0.00","0.00","pending","281","2024-10-01","active","2024-10-02 03:50:11","2024-10-02 03:51:04"
"282","282","136","186","2023-07-07","0.00","0.00","pending","282","2024-10-01","active","2024-10-02 03:50:11","2024-10-02 03:51:04"
"283","283","135","185","2023-07-08","0.00","0.00","pending","283","2024-10-01","active","2024-10-02 03:50:11","2024-10-02 03:51:04"
"284","284","131","181","2023-07-10","0.00","0.00","pending","284","2024-10-01","active","2024-10-02 03:50:11","2024-10-02 03:51:04"
"285","285","136","186","2023-07-11","0.00","0.00","pending","285","2024-10-01","active","2024-10-02 03:50:11","2024-10-02 03:51:04"
"286","286","139","189","2023-07-13","0.00","0.00","pending","286","2024-10-01","active","2024-10-02 03:50:11","2024-10-02 03:51:04"
"287","287","115","165","2023-07-14","0.00","0.00","pending","287","2024-10-01","active","2024-10-02 03:50:11","2024-10-02 03:51:04"
"288","288","134","184","2023-07-14","0.00","0.00","pending","288","2024-10-01","active","2024-10-02 03:50:11","2024-10-02 03:51:04"
"289","289","134","184","2023-07-14","0.00","0.00","pending","289","2024-10-01","active","2024-10-02 03:50:11","2024-10-02 03:51:04"
"290","290","134","184","2023-07-15","0.00","0.00","pending","290","2024-10-01","active","2024-10-02 03:50:11","2024-10-02 03:51:04"
"291","291","134","184","2023-07-17","0.00","0.00","pending","291","2024-10-01","active","2024-10-02 03:50:11","2024-10-02 03:51:04"
"292","292","133","183","2023-07-19","0.00","0.00","pending","292","2024-10-01","active","2024-10-02 03:50:11","2024-10-02 03:51:04"
"293","293","134","184","2023-07-19","0.00","0.00","pending","293","2024-10-01","active","2024-10-02 03:50:11","2024-10-02 03:51:04"
"294","294","134","184","2023-07-20","0.00","0.00","pending","294","2024-10-01","active","2024-10-02 03:50:11","2024-10-02 03:51:04"
"295","295","136","186","2023-07-20","0.00","0.00","pending","295","2024-10-01","active","2024-10-02 03:50:11","2024-10-02 03:51:04"
"296","296","137","187","2023-07-22","0.00","0.00","pending","296","2024-10-01","active","2024-10-02 03:50:11","2024-10-02 03:51:04"
"297","297","134","184","2023-07-24","0.00","0.00","pending","297","2024-10-01","active","2024-10-02 03:50:11","2024-10-02 03:51:04"
"298","298","150","200","2023-07-25","0.00","0.00","pending","298","2024-10-01","active","2024-10-02 03:50:11","2024-10-02 03:51:04"
"299","299","139","189","2023-07-25","0.00","0.00","pending","299","2024-10-01","active","2024-10-02 03:50:11","2024-10-02 03:51:04"
"300","300","134","184","2023-07-26","0.00","0.00","pending","300","2024-10-01","active","2024-10-02 03:50:11","2024-10-02 03:51:04"
"301","301","134","184","2023-07-26","0.00","0.00","pending","301","2024-10-01","active","2024-10-02 03:50:11","2024-10-02 03:51:04"
"302","302","94","144","2023-07-26","0.00","0.00","pending","302","2024-10-01","active","2024-10-02 03:50:11","2024-10-02 03:51:04"
"303","303","136","186","2023-07-26","0.00","0.00","pending","303","2024-10-01","active","2024-10-02 03:50:11","2024-10-02 03:51:04"
"304","304","142","192","2023-07-27","0.00","0.00","pending","304","2024-10-01","active","2024-10-02 03:50:11","2024-10-02 03:51:04"
"305","305","135","185","2023-07-29","0.00","0.00","pending","305","2024-10-01","active","2024-10-02 03:50:11","2024-10-02 03:51:04"
"306","306","142","192","2023-07-29","0.00","0.00","pending","306","2024-10-01","active","2024-10-02 03:50:11","2024-10-02 03:51:04"
"307","307","134","184","2023-07-29","0.00","0.00","pending","307","2024-10-01","active","2024-10-02 03:50:11","2024-10-02 03:51:04"
"308","308","95","145","2023-07-31","0.00","0.00","pending","308","2024-10-01","active","2024-10-02 03:50:11","2024-10-02 03:51:04"
"309","309","134","184","2023-07-31","0.00","0.00","pending","309","2024-10-01","active","2024-10-02 03:50:11","2024-10-02 03:51:04"
"310","310","137","187","2023-07-31","0.00","0.00","pending","310","2024-10-01","active","2024-10-02 03:50:11","2024-10-02 03:51:04"
"311","311","134","184","2023-07-31","0.00","0.00","pending","311","2024-10-01","active","2024-10-02 03:50:11","2024-10-02 03:51:04"
"312","312","134","184","2023-08-04","0.00","0.00","pending","312","2024-10-01","active","2024-10-02 03:50:11","2024-10-02 03:51:04"
"313","313","136","186","2023-08-04","0.00","0.00","pending","313","2024-10-01","active","2024-10-02 03:50:11","2024-10-02 03:51:04"
"314","314","96","146","2023-08-07","0.00","0.00","pending","314","2024-10-01","active","2024-10-02 03:50:11","2024-10-02 03:51:04"
"315","315","134","184","2023-08-08","0.00","0.00","pending","315","2024-10-01","active","2024-10-02 03:50:11","2024-10-02 03:51:04"
"316","316","136","186","2023-08-08","0.00","0.00","pending","316","2024-10-01","active","2024-10-02 03:50:11","2024-10-02 03:51:04"
"317","317","134","184","2023-08-09","0.00","0.00","pending","317","2024-10-01","active","2024-10-02 03:50:11","2024-10-02 03:51:04"
"318","318","136","186","2023-08-11","0.00","0.00","pending","318","2024-10-01","active","2024-10-02 03:50:11","2024-10-02 03:51:04"
"319","319","134","184","2023-08-11","0.00","0.00","pending","319","2024-10-01","active","2024-10-02 03:50:11","2024-10-02 03:51:04"
"320","320","134","184","2023-08-14","0.00","0.00","pending","320","2024-10-01","active","2024-10-02 03:50:11","2024-10-02 03:51:04"
"321","321","137","187","2023-08-16","0.00","0.00","pending","321","2024-10-01","active","2024-10-02 03:50:11","2024-10-02 03:51:04"
"322","322","135","185","2023-08-16","0.00","0.00","pending","322","2024-10-01","active","2024-10-02 03:50:11","2024-10-02 03:51:04"
"323","323","146","196","2023-08-16","0.00","0.00","pending","323","2024-10-01","active","2024-10-02 03:50:11","2024-10-02 03:51:04"
"324","324","134","184","2023-08-19","0.00","0.00","pending","324","2024-10-01","active","2024-10-02 03:50:11","2024-10-02 03:51:04"
"325","325","118","168","2023-08-19","0.00","0.00","pending","325","2024-10-01","active","2024-10-02 03:50:11","2024-10-02 03:51:04"
"326","326","134","184","2023-08-19","0.00","0.00","pending","326","2024-10-01","active","2024-10-02 03:50:11","2024-10-02 03:51:04"
"327","327","136","186","2023-08-21","0.00","0.00","pending","327","2024-10-01","active","2024-10-02 03:50:11","2024-10-02 03:51:04"
"328","328","134","184","2023-08-21","0.00","0.00","pending","328","2024-10-01","active","2024-10-02 03:50:11","2024-10-02 03:51:04"
"329","329","141","191","2023-08-22","0.00","0.00","pending","329","2024-10-01","active","2024-10-02 03:50:11","2024-10-02 03:51:04"
"330","330","124","174","2023-08-23","0.00","0.00","pending","330","2024-10-01","active","2024-10-02 03:50:11","2024-10-02 03:51:04"
"331","331","97","147","2023-08-23","0.00","0.00","pending","331","2024-10-01","active","2024-10-02 03:50:11","2024-10-02 03:51:04"
"332","332","135","185","2023-08-23","0.00","0.00","pending","332","2024-10-01","active","2024-10-02 03:50:11","2024-10-02 03:51:04"
"333","333","136","186","2023-08-24","0.00","0.00","pending","333","2024-10-01","active","2024-10-02 03:50:11","2024-10-02 03:51:04"
"334","334","136","186","2023-08-26","0.00","0.00","pending","334","2024-10-01","active","2024-10-02 03:50:11","2024-10-02 03:51:04"
"335","335","145","195","2023-08-27","0.00","0.00","pending","335","2024-10-01","active","2024-10-02 03:50:11","2024-10-02 03:51:04"
"336","336","137","187","2023-09-02","0.00","0.00","pending","336","2024-10-01","active","2024-10-02 03:50:11","2024-10-02 03:51:04"
"337","337","81","131","2023-09-02","0.00","0.00","pending","337","2024-10-01","active","2024-10-02 03:50:11","2024-10-02 03:51:04"
"338","338","121","171","2023-09-02","0.00","0.00","pending","338","2024-10-01","active","2024-10-02 03:50:11","2024-10-02 03:51:04"
"339","339","136","186","2023-09-02","0.00","0.00","pending","339","2024-10-01","active","2024-10-02 03:50:11","2024-10-02 03:51:04"
"340","340","98","148","2023-09-02","0.00","0.00","pending","340","2024-10-01","active","2024-10-02 03:50:11","2024-10-02 03:51:04"
"341","341","134","184","2023-09-04","0.00","0.00","pending","341","2024-10-01","active","2024-10-02 03:50:11","2024-10-02 03:51:04"
"342","342","134","184","2023-08-04","0.00","0.00","pending","342","2024-10-01","active","2024-10-02 03:50:11","2024-10-02 03:51:04"
"343","343","134","184","2023-09-05","0.00","0.00","pending","343","2024-10-01","active","2024-10-02 03:50:11","2024-10-02 03:51:04"
"344","344","139","189","2023-09-05","0.00","0.00","pending","344","2024-10-01","active","2024-10-02 03:50:11","2024-10-02 03:51:04"
"345","345","99","149","2023-09-05","0.00","0.00","pending","345","2024-10-01","active","2024-10-02 03:50:11","2024-10-02 03:51:04"
"346","346","134","184","2023-09-07","0.00","0.00","pending","346","2024-10-01","active","2024-10-02 03:50:11","2024-10-02 03:51:04"
"347","347","134","184","2023-09-09","0.00","0.00","pending","347","2024-10-01","active","2024-10-02 03:50:11","2024-10-02 03:51:04"
"348","348","100","150","2023-09-11","0.00","0.00","pending","348","2024-10-01","active","2024-10-02 03:50:11","2024-10-02 03:51:04"
"349","349","135","185","2023-09-12","0.00","0.00","pending","349","2024-10-01","active","2024-10-02 03:50:11","2024-10-02 03:51:04"
"350","350","135","185","2023-09-12","0.00","0.00","pending","350","2024-10-01","active","2024-10-02 03:50:11","2024-10-02 03:51:04"
"351","351","135","185","2023-09-12","0.00","0.00","pending","351","2024-10-01","active","2024-10-02 03:50:11","2024-10-02 03:51:04"
"352","352","134","184","2023-09-13","0.00","0.00","pending","352","2024-10-01","active","2024-10-02 03:50:11","2024-10-02 03:51:04"
"353","353","134","184","2023-09-13","0.00","0.00","pending","353","2024-10-01","active","2024-10-02 03:50:11","2024-10-02 03:51:04"
"354","354","143","193","2023-09-13","0.00","0.00","pending","354","2024-10-01","active","2024-10-02 03:50:11","2024-10-02 03:51:04"
"355","355","101","151","2023-09-14","0.00","0.00","pending","355","2024-10-01","active","2024-10-02 03:50:11","2024-10-02 03:51:04"
"356","356","139","189","2023-09-15","0.00","0.00","pending","356","2024-10-01","active","2024-10-02 03:50:11","2024-10-02 03:51:04"
"357","357","132","182","2023-09-16","0.00","0.00","pending","357","2024-10-01","active","2024-10-02 03:50:11","2024-10-02 03:51:04"
"358","358","102","152","2023-09-18","0.00","0.00","pending","358","2024-10-01","active","2024-10-02 03:50:11","2024-10-02 03:51:04"
"359","359","134","184","2023-09-26","0.00","0.00","pending","359","2024-10-01","active","2024-10-02 03:50:11","2024-10-02 03:51:04"
"360","360","137","187","2023-09-27","0.00","0.00","pending","360","2024-10-01","active","2024-10-02 03:50:11","2024-10-02 03:51:04"
"361","361","137","187","2023-09-29","0.00","0.00","pending","361","2024-10-01","active","2024-10-02 03:50:11","2024-10-02 03:51:04"
"362","362","134","184","2023-10-04","0.00","0.00","pending","362","2024-10-01","active","2024-10-02 03:50:11","2024-10-02 03:51:04"
"363","363","136","186","2023-10-06","0.00","0.00","pending","363","2024-10-01","active","2024-10-02 03:50:11","2024-10-02 03:51:04"
"364","364","134","184","2023-10-07","0.00","0.00","pending","364","2024-10-01","active","2024-10-02 03:50:11","2024-10-02 03:51:04"
"365","365","139","189","2023-10-07","0.00","0.00","pending","365","2024-10-01","active","2024-10-02 03:50:11","2024-10-02 03:51:04"
"366","366","136","186","2023-10-09","0.00","0.00","pending","366","2024-10-01","active","2024-10-02 03:50:11","2024-10-02 03:51:04"
"367","367","137","187","2023-10-09","0.00","0.00","pending","367","2024-10-01","active","2024-10-02 03:50:11","2024-10-02 03:51:04"
"368","368","136","186","2023-10-09","0.00","0.00","pending","368","2024-10-01","active","2024-10-02 03:50:11","2024-10-02 03:51:04"
"369","369","151","201","2023-10-09","0.00","0.00","pending","369","2024-10-01","active","2024-10-02 03:50:11","2024-10-02 03:51:04"
"370","370","133","183","2023-10-10","0.00","0.00","pending","370","2024-10-01","active","2024-10-02 03:50:11","2024-10-02 03:51:04"
"371","371","125","175","2023-10-10","0.00","0.00","pending","371","2024-10-01","active","2024-10-02 03:50:11","2024-10-02 03:51:04"
"372","372","134","184","2023-10-10","0.00","0.00","pending","372","2024-10-01","active","2024-10-02 03:50:11","2024-10-02 03:51:04"
"373","373","128","178","2023-10-13","0.00","0.00","pending","373","2024-10-01","active","2024-10-02 03:50:11","2024-10-02 03:51:04"
"374","374","134","184","2023-10-13","0.00","0.00","pending","374","2024-10-01","active","2024-10-02 03:50:11","2024-10-02 03:51:04"
"375","375","132","182","2023-10-14","0.00","0.00","pending","375","2024-10-01","active","2024-10-02 03:50:11","2024-10-02 03:51:04"
"376","376","103","153","2023-10-16","0.00","0.00","pending","376","2024-10-01","active","2024-10-02 03:50:11","2024-10-02 03:51:04"
"377","377","136","186","2023-10-17","0.00","0.00","pending","377","2024-10-01","active","2024-10-02 03:50:11","2024-10-02 03:51:04"
"378","378","136","186","2023-10-17","0.00","0.00","pending","378","2024-10-01","active","2024-10-02 03:50:11","2024-10-02 03:51:04"
"379","379","136","186","2023-10-17","0.00","0.00","pending","379","2024-10-01","active","2024-10-02 03:50:11","2024-10-02 03:51:04"
"380","380","143","193","2023-10-17","0.00","0.00","pending","380","2024-10-01","active","2024-10-02 03:50:11","2024-10-02 03:51:04"
"381","381","116","166","2023-10-21","0.00","0.00","pending","381","2024-10-01","active","2024-10-02 03:50:11","2024-10-02 03:51:04"
"382","382","134","184","2023-10-21","0.00","0.00","pending","382","2024-10-01","active","2024-10-02 03:50:11","2024-10-02 03:51:04"
"383","383","104","154","2023-10-21","0.00","0.00","pending","383","2024-10-01","active","2024-10-02 03:50:11","2024-10-02 03:51:04"
"384","384","136","186","2023-10-25","0.00","0.00","pending","384","2024-10-01","active","2024-10-02 03:50:11","2024-10-02 03:51:04"
"385","385","139","189","2023-10-31","0.00","0.00","pending","385","2024-10-01","active","2024-10-02 03:50:11","2024-10-02 03:51:04"
"386","386","134","184","2023-11-01","0.00","0.00","pending","386","2024-10-01","active","2024-10-02 03:50:11","2024-10-02 03:51:04"
"387","387","137","187","2023-11-08","0.00","0.00","pending","387","2024-10-01","active","2024-10-02 03:50:11","2024-10-02 03:51:04"
"388","388","117","167","2023-11-10","0.00","0.00","pending","388","2024-10-01","active","2024-10-02 03:50:11","2024-10-02 03:51:04"
"389","389","141","191","2023-11-10","0.00","0.00","pending","389","2024-10-01","active","2024-10-02 03:50:11","2024-10-02 03:51:04"
"390","390","134","184","2023-11-10","0.00","0.00","pending","390","2024-10-01","active","2024-10-02 03:50:11","2024-10-02 03:51:04"
"391","391","134","184","2023-11-11","0.00","0.00","pending","391","2024-10-01","active","2024-10-02 03:50:11","2024-10-02 03:51:04"
"392","392","139","189","2023-11-13","0.00","0.00","pending","392","2024-10-01","active","2024-10-02 03:50:11","2024-10-02 03:51:04"
"393","393","134","184","2023-11-20","0.00","0.00","pending","393","2024-10-01","active","2024-10-02 03:50:11","2024-10-02 03:51:04"
"394","394","152","202","2023-11-21","0.00","0.00","pending","394","2024-10-01","active","2024-10-02 03:50:11","2024-10-02 03:51:04"
"395","395","152","202","2023-11-21","0.00","0.00","pending","395","2024-10-01","active","2024-10-02 03:50:11","2024-10-02 03:51:04"
"396","396","151","201","2023-11-29","0.00","0.00","pending","396","2024-10-01","active","2024-10-02 03:50:11","2024-10-02 03:51:04"
"397","397","138","188","2023-11-29","0.00","0.00","pending","397","2024-10-01","active","2024-10-02 03:50:11","2024-10-02 03:51:04"
"398","398","117","167","2023-11-29","0.00","0.00","pending","398","2024-10-01","active","2024-10-02 03:50:11","2024-10-02 03:51:04"
"399","399","152","202","2023-11-29","0.00","0.00","pending","399","2024-10-01","active","2024-10-02 03:50:11","2024-10-02 03:51:04"
"400","400","114","164","2023-11-29","0.00","0.00","pending","400","2024-10-01","active","2024-10-02 03:50:11","2024-10-02 03:51:04"
"401","401","144","194","2023-11-29","0.00","0.00","pending","401","2024-10-01","active","2024-10-02 03:50:11","2024-10-02 03:51:04"
"402","402","105","155","2023-11-29","0.00","0.00","pending","402","2024-10-01","active","2024-10-02 03:50:11","2024-10-02 03:51:04"
"403","403","136","186","2023-11-29","0.00","0.00","pending","403","2024-10-01","active","2024-10-02 03:50:11","2024-10-02 03:51:04"
"404","404","119","169","2023-11-30","0.00","0.00","pending","404","2024-10-01","active","2024-10-02 03:50:11","2024-10-02 03:51:04"
"405","405","135","185","2023-11-30","0.00","0.00","pending","405","2024-10-01","active","2024-10-02 03:50:11","2024-10-02 03:51:04"
"406","406","134","184","2023-12-06","0.00","0.00","pending","406","2024-10-01","active","2024-10-02 03:50:11","2024-10-02 03:51:04"
"407","407","130","180","2023-12-07","0.00","0.00","pending","407","2024-10-01","active","2024-10-02 03:50:11","2024-10-02 03:51:04"
"408","408","134","184","2023-12-07","0.00","0.00","pending","408","2024-10-01","active","2024-10-02 03:50:11","2024-10-02 03:51:04"
"409","409","135","185","2023-12-08","0.00","0.00","pending","409","2024-10-01","active","2024-10-02 03:50:11","2024-10-02 03:51:04"
"410","410","136","186","2023-12-09","0.00","0.00","pending","410","2024-10-01","active","2024-10-02 03:50:11","2024-10-02 03:51:04"
"411","411","134","184","2023-12-11","0.00","0.00","pending","411","2024-10-01","active","2024-10-02 03:50:11","2024-10-02 03:51:04"
"412","412","151","201","2023-12-12","0.00","0.00","pending","412","2024-10-01","active","2024-10-02 03:50:11","2024-10-02 03:51:04"
"413","413","141","191","2023-12-14","0.00","0.00","pending","413","2024-10-01","active","2024-10-02 03:50:11","2024-10-02 03:51:04"
"414","414","134","184","2023-12-15","0.00","0.00","pending","414","2024-10-01","active","2024-10-02 03:50:11","2024-10-02 03:51:04"
"415","415","136","186","2023-12-15","0.00","0.00","pending","415","2024-10-01","active","2024-10-02 03:50:11","2024-10-02 03:51:04"
"416","416","134","184","2023-12-18","0.00","0.00","pending","416","2024-10-01","active","2024-10-02 03:50:11","2024-10-02 03:51:04"
"417","417","136","186","2023-12-20","0.00","0.00","pending","417","2024-10-01","active","2024-10-02 03:50:11","2024-10-02 03:51:04"
"418","418","134","184","2023-12-23","0.00","0.00","pending","418","2024-10-01","active","2024-10-02 03:50:11","2024-10-02 03:51:04"
"419","419","136","186","2023-12-27","0.00","0.00","pending","419","2024-10-01","active","2024-10-02 03:50:11","2024-10-02 03:51:04"
"420","420","139","189","2023-12-29","0.00","0.00","pending","420","2024-10-01","active","2024-10-02 03:50:11","2024-10-02 03:51:04"
"421","421","134","184","2024-01-03","0.00","0.00","pending","421","2024-10-01","active","2024-10-02 03:50:11","2024-10-02 03:51:04"
"422","422","134","184","2024-01-04","0.00","0.00","pending","422","2024-10-01","active","2024-10-02 03:50:11","2024-10-02 03:51:04"
"423","423","137","187","2024-01-05","0.00","0.00","pending","423","2024-10-01","active","2024-10-02 03:50:11","2024-10-02 03:51:04"
"424","424","136","186","2024-01-07","0.00","0.00","pending","424","2024-10-01","active","2024-10-02 03:50:11","2024-10-02 03:51:04"
"425","425","147","197","2024-01-08","0.00","0.00","pending","425","2024-10-01","active","2024-10-02 03:50:11","2024-10-02 03:51:04"
"426","426","136","186","2024-01-09","0.00","0.00","pending","426","2024-10-01","active","2024-10-02 03:50:11","2024-10-02 03:51:04"
"427","427","152","202","2024-01-12","0.00","0.00","pending","427","2024-10-01","active","2024-10-02 03:50:11","2024-10-02 03:51:04"
"428","428","140","190","2024-01-12","0.00","0.00","pending","428","2024-10-01","active","2024-10-02 03:50:11","2024-10-02 03:51:04"
"429","429","136","186","2024-01-15","0.00","0.00","pending","429","2024-10-01","active","2024-10-02 03:50:11","2024-10-02 03:51:04"
"430","430","134","184","2024-01-18","0.00","0.00","pending","430","2024-10-01","active","2024-10-02 03:50:11","2024-10-02 03:51:04"
"431","431","146","196","2024-01-18","0.00","0.00","pending","431","2024-10-01","active","2024-10-02 03:50:11","2024-10-02 03:51:04"
"432","432","134","184","2024-01-19","0.00","0.00","pending","432","2024-10-01","active","2024-10-02 03:50:11","2024-10-02 03:51:04"
"433","433","139","189","2024-01-25","0.00","0.00","pending","433","2024-10-01","active","2024-10-02 03:50:11","2024-10-02 03:51:04"
"434","434","150","200","2024-01-25","0.00","0.00","pending","434","2024-10-01","active","2024-10-02 03:50:11","2024-10-02 03:51:04"
"435","435","118","168","2024-01-27","0.00","0.00","pending","435","2024-10-01","active","2024-10-02 03:50:11","2024-10-02 03:51:04"
"436","436","134","184","2024-01-27","0.00","0.00","pending","436","2024-10-01","active","2024-10-02 03:50:11","2024-10-02 03:51:04"
"437","437","136","186","2024-01-29","0.00","0.00","pending","437","2024-10-01","active","2024-10-02 03:50:11","2024-10-02 03:51:04"
"438","438","117","167","2024-01-29","0.00","0.00","pending","438","2024-10-01","active","2024-10-02 03:50:11","2024-10-02 03:51:04"
"439","439","134","184","2024-01-31","0.00","0.00","pending","439","2024-10-01","active","2024-10-02 03:50:11","2024-10-02 03:51:04"
"440","440","136","186","2024-02-02","0.00","0.00","pending","440","2024-10-01","active","2024-10-02 03:50:11","2024-10-02 03:51:04"
"441","441","136","186","2024-02-02","0.00","0.00","pending","441","2024-10-01","active","2024-10-02 03:50:11","2024-10-02 03:51:04"
"442","442","134","184","2024-02-03","0.00","0.00","pending","442","2024-10-01","active","2024-10-02 03:50:11","2024-10-02 03:51:04"
"443","443","137","187","2024-02-03","0.00","0.00","pending","443","2024-10-01","active","2024-10-02 03:50:11","2024-10-02 03:51:04"
"444","444","136","186","2024-02-05","0.00","0.00","pending","444","2024-10-01","active","2024-10-02 03:50:11","2024-10-02 03:51:04"
"445","445","136","186","2024-02-05","0.00","0.00","pending","445","2024-10-01","active","2024-10-02 03:50:11","2024-10-02 03:51:04"
"446","446","122","172","2024-02-06","0.00","0.00","pending","446","2024-10-01","active","2024-10-02 03:50:11","2024-10-02 03:51:04"
"447","447","116","166","2024-02-07","0.00","0.00","pending","447","2024-10-01","active","2024-10-02 03:50:11","2024-10-02 03:51:04"
"448","448","134","184","2024-02-07","0.00","0.00","pending","448","2024-10-01","active","2024-10-02 03:50:11","2024-10-02 03:51:04"
"449","449","142","192","2024-02-08","0.00","0.00","pending","449","2024-10-01","active","2024-10-02 03:50:11","2024-10-02 03:51:04"
"450","450","139","189","2024-02-10","0.00","0.00","pending","450","2024-10-01","active","2024-10-02 03:50:11","2024-10-02 03:51:04"
"451","451","122","172","2024-02-10","0.00","0.00","pending","451","2024-10-01","active","2024-10-02 03:50:11","2024-10-02 03:51:04"
"452","452","106","156","2024-02-10","0.00","0.00","pending","452","2024-10-01","active","2024-10-02 03:50:11","2024-10-02 03:51:04"
"453","453","130","180","2024-02-10","0.00","0.00","pending","453","2024-10-01","active","2024-10-02 03:50:11","2024-10-02 03:51:04"
"454","454","134","184","2024-02-15","0.00","0.00","pending","454","2024-10-01","active","2024-10-02 03:50:11","2024-10-02 03:51:04"
"455","455","136","186","2024-02-15","0.00","0.00","pending","455","2024-10-01","active","2024-10-02 03:50:11","2024-10-02 03:51:04"
"456","456","136","186","2024-02-16","0.00","0.00","pending","456","2024-10-01","active","2024-10-02 03:50:11","2024-10-02 03:51:04"
"457","457","134","184","2024-02-22","0.00","0.00","pending","457","2024-10-01","active","2024-10-02 03:50:11","2024-10-02 03:51:04"
"458","458","136","186","2024-02-22","0.00","0.00","pending","458","2024-10-01","active","2024-10-02 03:50:11","2024-10-02 03:51:04"
"459","459","136","186","2024-02-22","0.00","0.00","pending","459","2024-10-01","active","2024-10-02 03:50:11","2024-10-02 03:51:04"
"460","460","134","184","2024-02-22","0.00","0.00","pending","460","2024-10-01","active","2024-10-02 03:50:11","2024-10-02 03:51:04"
"461","461","146","196","2024-02-22","0.00","0.00","pending","461","2024-10-01","active","2024-10-02 03:50:11","2024-10-02 03:51:04"
"462","462","136","186","2024-02-24","0.00","0.00","pending","462","2024-10-01","active","2024-10-02 03:50:11","2024-10-02 03:51:04"
"463","463","134","184","2024-02-28","0.00","0.00","pending","463","2024-10-01","active","2024-10-02 03:50:11","2024-10-02 03:51:04"
"464","464","134","184","2024-02-29","0.00","0.00","pending","464","2024-10-01","active","2024-10-02 03:50:11","2024-10-02 03:51:04"
"465","465","107","157","2024-02-29","0.00","0.00","pending","465","2024-10-01","active","2024-10-02 03:50:11","2024-10-02 03:51:04"
"466","466","136","186","2024-02-29","0.00","0.00","pending","466","2024-10-01","active","2024-10-02 03:50:11","2024-10-02 03:51:04"
"467","467","136","186","2024-02-29","0.00","0.00","pending","467","2024-10-01","active","2024-10-02 03:50:11","2024-10-02 03:51:04"
"468","468","108","158","2024-02-29","0.00","0.00","pending","468","2024-10-01","active","2024-10-02 03:50:11","2024-10-02 03:51:04"
"469","469","136","186","2024-02-29","0.00","0.00","pending","469","2024-10-01","active","2024-10-02 03:50:11","2024-10-02 03:51:04"
"470","470","136","186","2024-02-29","0.00","0.00","pending","470","2024-10-01","active","2024-10-02 03:50:11","2024-10-02 03:51:04"
"471","471","109","159","2024-03-11","0.00","0.00","pending","471","2024-10-01","active","2024-10-02 03:50:11","2024-10-02 03:51:04"
"472","472","134","184","2024-03-11","0.00","0.00","pending","472","2024-10-01","active","2024-10-02 03:50:11","2024-10-02 03:51:04"
"473","473","136","186","2024-03-12","0.00","0.00","pending","473","2024-10-01","active","2024-10-02 03:50:11","2024-10-02 03:51:04"
"474","474","136","186","2024-03-12","0.00","0.00","pending","474","2024-10-01","active","2024-10-02 03:50:11","2024-10-02 03:51:04"
"475","475","110","160","2024-03-16","0.00","0.00","pending","475","2024-10-01","active","2024-10-02 03:50:11","2024-10-02 03:51:04"
"476","476","135","185","2024-03-16","0.00","0.00","pending","476","2024-10-01","active","2024-10-02 03:50:11","2024-10-02 03:51:04"
"477","477","134","184","2024-03-19","0.00","0.00","pending","477","2024-10-01","active","2024-10-02 03:50:11","2024-10-02 03:51:04"
"478","478","133","183","2024-03-25","0.00","0.00","pending","478","2024-10-01","active","2024-10-02 03:50:11","2024-10-02 03:51:04"
"479","479","134","184","2024-03-26","0.00","0.00","pending","479","2024-10-01","active","2024-10-02 03:50:11","2024-10-02 03:51:04"
"480","480","134","184","2024-03-26","0.00","0.00","pending","480","2024-10-01","active","2024-10-02 03:50:11","2024-10-02 03:51:04"
"481","481","142","192","2024-03-27","0.00","0.00","pending","481","2024-10-01","active","2024-10-02 03:50:11","2024-10-02 03:51:04"
"482","482","134","184","2024-04-04","0.00","0.00","pending","482","2024-10-01","active","2024-10-02 03:50:11","2024-10-02 03:51:04"
"483","483","151","201","2024-04-08","0.00","0.00","pending","483","2024-10-01","active","2024-10-02 03:50:11","2024-10-02 03:51:04"
"484","484","111","161","2024-04-11","0.00","0.00","pending","484","2024-10-01","active","2024-10-02 03:50:11","2024-10-02 03:51:04"
"485","485","134","184","2024-04-15","0.00","0.00","pending","485","2024-10-01","active","2024-10-02 03:50:11","2024-10-02 03:51:04"
"486","486","134","184","2024-04-18","0.00","0.00","pending","486","2024-10-01","active","2024-10-02 03:50:11","2024-10-02 03:51:04"
"487","487","117","167","2024-04-25","0.00","0.00","pending","487","2024-10-01","active","2024-10-02 03:50:11","2024-10-02 03:51:04"
"488","488","116","166","2024-04-30","0.00","0.00","pending","488","2024-10-01","active","2024-10-02 03:50:11","2024-10-02 03:51:04"
"489","489","120","170","2024-05-06","0.00","0.00","pending","489","2024-10-01","active","2024-10-02 03:50:11","2024-10-02 03:51:04"
"490","490","148","198","2024-05-06","0.00","0.00","pending","490","2024-10-01","active","2024-10-02 03:50:11","2024-10-02 03:51:04"
"491","491","134","184","2024-05-18","0.00","0.00","pending","491","2024-10-01","active","2024-10-02 03:50:11","2024-10-02 03:51:04"
"492","492","136","186","2024-05-21","0.00","0.00","pending","492","2024-10-01","active","2024-10-02 03:50:11","2024-10-02 03:51:04"
"493","493","134","184","2024-05-23","0.00","0.00","pending","493","2024-10-01","active","2024-10-02 03:50:11","2024-10-02 03:51:04"
"494","494","134","184","2024-05-31","0.00","0.00","pending","494","2024-10-01","active","2024-10-02 03:50:11","2024-10-02 03:51:04"
"495","495","136","186","2024-05-31","0.00","0.00","pending","495","2024-10-01","active","2024-10-02 03:50:11","2024-10-02 03:51:04"
"496","496","112","162","2024-07-06","0.00","0.00","pending","496","2024-10-01","active","2024-10-02 03:50:11","2024-10-02 03:51:04"
"497","497","134","184","2024-06-14","0.00","0.00","pending","497","2024-10-01","active","2024-10-02 03:50:11","2024-10-02 03:51:04"
"498","498","136","186","2024-06-19","0.00","0.00","pending","498","2024-10-01","active","2024-10-02 03:50:11","2024-10-02 03:51:04"
"499","499","136","186","2024-06-20","0.00","0.00","pending","499","2024-10-01","active","2024-10-02 03:50:11","2024-10-02 03:51:04"
"500","500","134","184","2024-06-20","0.00","0.00","pending","500","2024-10-01","active","2024-10-02 03:50:11","2024-10-02 03:51:04"
"501","501","136","186","2024-06-20","0.00","0.00","pending","501","2024-10-01","active","2024-10-02 03:50:11","2024-10-02 03:51:04"
"502","502","134","184","2024-06-22","0.00","0.00","pending","502","2024-10-01","active","2024-10-02 03:50:11","2024-10-02 03:51:04"
"503","503","134","184","2024-06-25","0.00","0.00","pending","503","2024-10-01","active","2024-10-02 03:50:11","2024-10-02 03:51:04"
"504","504","134","184","2024-06-28","0.00","0.00","pending","504","2024-10-01","active","2024-10-02 03:50:11","2024-10-02 03:51:04"
"505","505","126","176","2024-06-29","0.00","0.00","pending","505","2024-10-01","active","2024-10-02 03:50:11","2024-10-02 03:51:04"
"506","506","136","186","2024-06-29","0.00","0.00","pending","506","2024-10-01","active","2024-10-02 03:50:11","2024-10-02 03:51:04"
"507","507","134","184","2024-06-29","0.00","0.00","pending","507","2024-10-01","active","2024-10-02 03:50:11","2024-10-02 03:51:04"
"508","508","136","186","2024-06-30","0.00","0.00","pending","508","2024-10-01","active","2024-10-02 03:50:11","2024-10-02 03:51:04"
"509","509","120","170","2024-07-06","0.00","0.00","pending","509","2024-10-01","active","2024-10-02 03:50:11","2024-10-02 03:51:04"
"510","510","134","184","2024-07-15","0.00","0.00","pending","510","2024-10-01","active","2024-10-02 03:50:11","2024-10-02 03:51:04"
"511","511","153","203","2024-07-17","0.00","0.00","pending","511","2024-10-01","active","2024-10-02 03:50:11","2024-10-02 03:51:04"
"512","512","153","203","2024-07-17","0.00","0.00","pending","512","2024-10-01","active","2024-10-02 03:50:11","2024-10-02 03:51:04"
"513","513","125","175","2024-07-20","0.00","0.00","pending","513","2024-10-01","active","2024-10-02 03:50:11","2024-10-02 03:51:04"
"514","514","134","184","2024-07-23","0.00","0.00","pending","514","2024-10-01","active","2024-10-02 03:50:11","2024-10-02 03:51:04"
"515","515","134","184","2024-07-23","0.00","0.00","pending","515","2024-10-01","active","2024-10-02 03:50:11","2024-10-02 03:51:04"
"516","516","136","186","2024-07-24","0.00","0.00","pending","516","2024-10-01","active","2024-10-02 03:50:11","2024-10-02 03:51:04"
"517","517","136","186","2024-07-26","0.00","0.00","pending","517","2024-10-01","active","2024-10-02 03:50:11","2024-10-02 03:51:04"
"518","518","136","186","2024-07-29","0.00","0.00","pending","518","2024-10-01","active","2024-10-02 03:50:11","2024-10-02 03:51:04"
"519","519","113","163","2024-07-30","0.00","0.00","pending","519","2024-10-01","active","2024-10-02 03:50:11","2024-10-02 03:51:04"
"520","520","134","184","2024-07-31","0.00","0.00","pending","520","2024-10-01","active","2024-10-02 03:50:11","2024-10-02 03:50:54"
"521","521","154","204","2025-08-08","0.00","50000.00","pending","521","2024-10-02",,"2024-10-02 10:05:05","2024-10-02 10:05:05"
"522","522","18","18","2024-08-22","0.00","65000.00","pending","522","2024-10-02",,"2024-10-02 10:05:05","2024-10-02 10:05:05"
